,,2019-01-21 05:52:33.604891
집에가고싶어,qweqweqwe,2019-01-21 05:54:08.440284
zzzzzzzzz,G.G.,2019-01-21 05:54:55.113739
zzzzzzzzz,G.G.,2019-01-21 05:58:58.117315
집에가고싶어,sdfsdfsdfsdf,2019-01-21 06:09:19.416116
집에가고싶어,ssdfsdf,2019-01-21 06:09:45.340915
sdfs,sdfsd,2019-01-21 06:20:53.248999
sdfsdf,ㄴ이ㅗㄴㅇㅎㄴㅇㅎㄴ,2019-01-21 06:31:04.211110
집에가고싶어,sdfsf,2019-01-21 07:04:18.423491
post,po,2019-01-21 07:18:01.267713
123123,123123,2019-01-21 07:32:53.891177
123123,123123,2019-01-21 07:35:27.218742
집에가고싶어,123124123,2019-01-21 07:35:33.595999
잠자기,4444444444,2019-01-21 07:35:47.972275
